SOURCE_NAME;KEY;VALUE
SOURCE1;COL_NAMES;src_email || src_ssn || src_phone_number || src_company
SOURCE1;FAKER_NAMES;faker.email || faker.ssn || customised_phone_number || faker.company
SOURCE1;SOURCE_SERVER;USHYDVEDKUM1
SOURCE1;SOURCE_DB;user_db
SOURCE1;SOURCE_TABLE;src_table
SOURCE1;SOURCE_USERNAME;
SOURCE1;SOURCE_PASSWORD;
SOURCE1;SOURCE_FILTER;src_id > 1000
SOURCE1;TARGET_SERVER;USHYDVEDKUM1
SOURCE1;TARGET_DB;user_db_target
SOURCE1;TARGET_TABLE;target_table
SOURCE1;TARGET_USERNAME;
SOURCE1;TARGET_PASSWORD;
SOURCE2;COL_NAMES;country
SOURCE2;FAKER_NAMES;faker.country
SOURCE2;SOURCE_SERVER;USHYDVEDKUM1
SOURCE2;SOURCE_DB;user_db
SOURCE2;SOURCE_TABLE;tblAuthors
SOURCE2;SOURCE_USERNAME;
SOURCE2;SOURCE_PASSWORD;
SOURCE2;SOURCE_FILTER;1=1
SOURCE2;TARGET_SERVER;USHYDVEDKUM1
SOURCE2;TARGET_DB;user_db_target
SOURCE2;TARGET_TABLE;tblAuthors_target
SOURCE2;TARGET_USERNAME;
SOURCE2;TARGET_PASSWORD;